season,team,player,status,from_date,to_date,note
2026,CHA,Brooks Baldwin,out,2026-10-10,,60-day IL (statsapi 40-man status 2026-10-10)
2026,CHA,Tanner Murray,out,2026-10-10,,60-day IL
2026,CHA,Jordan Leasure,out,2026-10-10,,60-day IL
2026,CHA,Ky Bush,out,2026-10-10,,60-day IL
2026,CHA,Mike Vasil,out,2026-10-10,,60-day IL
2026,CHA,Prelander Berroa,out,2026-10-10,,60-day IL
2026,CHA,Luis Castillo,out,2026-10-10,,not on ALDS active roster (removed 2026-10-09)
2026,CHA,Huascar Brazobán,out,2026-10-10,,not on ALDS active roster
2026,CHA,Drew Thorpe,out,2026-10-10,,not on ALDS active roster
2026,CHA,Jonathan Cannon,out,2026-10-10,,not on ALDS active roster
2026,CHA,Shane Smith,out,2026-10-10,,not on ALDS active roster
2026,CHA,Tanner McDougal,out,2026-10-10,,not on ALDS active roster
2026,CHA,Trevor Richards,out,2026-10-10,,not on ALDS active roster
2026,CHA,Tyler Schweitzer,out,2026-10-10,,not on ALDS active roster
2026,CHA,Chris Murphy,out,2026-10-10,,reassigned to minors
2026,CLE,Slade Cecconi,out,2026-10-10,,not on ALDS active roster
2026,CLE,Colin Holderman,out,2026-10-10,,not on ALDS active roster
2026,CLE,Andrew Walters,out,2026-10-10,,not on ALDS active roster
2026,CLE,Austin Peterson,out,2026-10-10,,not on ALDS active roster
2026,CLE,Franco Aleman,out,2026-10-10,,not on ALDS active roster
2026,CLE,Logan Allen,out,2026-10-10,,not on ALDS active roster
2026,CLE,Yorman Gómez,out,2026-10-10,,not on ALDS active roster
2026,CLE,Craig Yoho,out,2026-10-10,,optioned to minors
