season,date,team,order,player,note
2026,2026-10-10,CHA,1,Sam Antonacci,ALDS G5 official (statsapi boxscore battingOrder)
2026,2026-10-10,CHA,2,Kyle Teel,
2026,2026-10-10,CHA,3,Miguel Vargas,
2026,2026-10-10,CHA,4,Munetaka Murakami,
2026,2026-10-10,CHA,5,Andrew Benintendi,
2026,2026-10-10,CHA,6,Tristan Peters,
2026,2026-10-10,CHA,7,Chase Meidroth,
2026,2026-10-10,CHA,8,Colson Montgomery,
2026,2026-10-10,CHA,9,Brenton Doyle,
2026,2026-10-10,CLE,1,Steven Kwan,ALDS G5 official (statsapi boxscore battingOrder)
2026,2026-10-10,CLE,2,Jose Ramirez,
2026,2026-10-10,CLE,3,Chase DeLauter,
2026,2026-10-10,CLE,4,Jo Adell,
2026,2026-10-10,CLE,5,Nathaniel Lowe,
2026,2026-10-10,CLE,6,Travis Bazzana,
2026,2026-10-10,CLE,7,Patrick Bailey,
2026,2026-10-10,CLE,8,Petey Halpin,
2026,2026-10-10,CLE,9,Brayan Rocchio,
