feature,importance,std
diff_age,0.03534299003036656,0.0022591140163547574
diff_elo,0.012444396307745853,0.002245797514753049
diff_ko_losses,0.006313577077672971,0.0007989423026214965
diff_streak,0.005155003231985278,0.0014681289822153349
diff_sapm,0.005119656714832654,0.0008169784206893109
diff_last3_sig_diff_pm,0.0049124459389279,0.0011029150054593447
diff_wins,0.004747262867521962,0.0007213952346617375
diff_td_per15,0.003963461908487042,0.0008117599460071507
diff_win_rate,0.0038939139999151218,0.0006113574145243928
diff_opp_elo_avg,0.002466703916232249,0.0015540814366217042
diff_sig_acc,0.002339622448359768,0.00023070015509712421
diff_reach,0.002211225274737849,0.0005780041418448412
diff_opp_ctrl_pct,0.0017265768543185845,0.0010986516384985344
diff_finish_rate,0.0010585187341379588,0.00041138703000706035
diff_td_def,0.000993241610179174,0.00038399329307634104
diff_height,0.0005901817860077374,0.0002892459241022821
diff_sig_def,0.00041768786861986487,0.0004554008313189234
diff_days_since_last,0.0003344719184925404,0.00043708749928155584
diff_ko_wins,0.0002196383031456417,8.592690285394444e-05
diff_kd_per15,0.00015234850336616202,0.0008044849232722722
diff_head_share,0.0001370039104689802,8.579412113806839e-05
stance_southpaw_vs_orthodox,0.0001017966085912425,0.0004788630533767541
diff_leg_share,1.7906674912193665e-05,2.6998971824284764e-05
diff_dwcs_fights,0.0,0.0
title_fight,0.0,0.0
five_round,0.0,0.0
diff_dwcs_wins,0.0,0.0
diff_clinch_share,-1.7780514297949245e-05,6.018698635456334e-05
diff_ground_share,-2.6430168304059087e-05,7.28827203102801e-05
diff_body_share,-2.696871524932032e-05,9.512289773785815e-05
diff_td_acc,-7.958399219261114e-05,0.0002378894126118968
diff_dist_share,-0.00010312331757096338,5.05336333765417e-05
diff_southpaw,-0.00012520052922835312,0.0002734154229906161
diff_ctrl_pct,-0.00016342057298812662,6.772273368618143e-05
diff_sub_wins,-0.000164719891885845,0.0002976130531728075
diff_slpm,-0.0002145162690412983,0.0004430010885881487
diff_n_fights,-0.000576754238196342,0.00011571855445246778
diff_last3_win_rate,-0.0006374644240168204,0.0025477508152324667
diff_sub_per15,-0.0006730664904121442,0.0003374786093271687
diff_losses,-0.004209586127389686,0.0004078246844779422
